name,category,link,topics,country,region_africa,region_asia,region_easteurope,region_latinamerica,region_westeurope,year_start,year_end,availability,registration,free,file_codebook,file_csv,file_dta,file_sav,file_excel,file_r,file_zip,variable_countryname,variable_year,variable_cow,doi_article,doi_dataset,revised,note
A Lexicial Index of Electoral Democracy,democracy,https://doi.org/10.7910/DVN/29106,"political regimes, democratization, regime change, democracy index",,1,1,1,1,1,1800,2015,online,no,1,,,,,http://ps.au.dk/fileadmin/Statskundskab/Dokumenter/Forskning/Forskningscentre/DEDERE/lied_v3.xls,,,countryn,year,cow,10.1177/0010414015581050,10.7910/DVN/29106,20180225,Topics are from article to dataset
Abortion Law Database,policy,https://www.hsph.harvard.edu/david-canning/data-sets/,"abortion, criteria",,1,1,1,1,1,1960,2006,online,no,1,https://cdn1.sph.harvard.edu/wp-content/uploads/sites/241/2012/10/abortion_Read_me.doc,,,,,,,ctr_name,year,,10.1007/s10887-009-9039-9,,20180529,
ACLP Political and Economic Database,political institutions,https://sites.google.com/site/joseantoniocheibub/datasets/democracy-and-development-aclp,"democracy, regimes, institutions, economy",,1,1,1,1,1,1951,1990,online,no,1,,,,,,,https://uofi.box.com/shared/static/bde91e1f4a21c24632d6.zip,COUNTRY,YEAR,,,,20180502,
Administrative Capacities,governance,https://www.hertie-school.org/en/governancereport/govreport-indicators/,"crime control, education provision, civil justice provision, revenue collection capacity, legitimacy and effectiveness, regulatory capacity and quality, coordination capacity, self-monitoring",,1,1,1,1,1,2014,2014,online,no,1,https://www.hertie-school.org/fileadmin/2_Research/1_About_our_research/4_The_Governance_Report/Indicators/2014/Downloads/GovReport2014_Indicators_IndicatorsCodebook.pdf,https://www.hertie-school.org/fileadmin/2_Research/1_About_our_research/4_The_Governance_Report/Indicators/2014/Downloads/GovReport2014_Indicators_Indicators.csv,https://www.hertie-school.org/fileadmin/2_Research/1_About_our_research/4_The_Governance_Report/Indicators/2014/Downloads/GovReport2014_Indicators_Indicators.dta,,https://www.hertie-school.org/fileadmin/2_Research/1_About_our_research/4_The_Governance_Report/Indicators/2014/Downloads/GovReport2014_Indicators_Indicators.xlsx,https://www.hertie-school.org/fileadmin/2_Research/1_About_our_research/4_The_Governance_Report/Indicators/2014/Downloads/GovReport2014_Indicators_Indicators.RData,,country,,,,,20180225,Comprised of data from multiple organisations and data providers.
Afrobarometer,citizens,http://www.afrobarometer.org/,"conflict and crime, democracy, elections, gender equality, governance, identity, macroeconomics and markets, political participation, poverty, public services, social capital, tolerance, citizenship, energy",,1,0,0,0,0,1999,2016,online,no,1,http://afrobarometer.org/sites/default/files/data/round-6/merged_round_6_codebook_28082017.pdf,,,http://afrobarometer.org/sites/default/files/data/round-6/merged_r6_data_2016_36countries2.sav,,,,COUNTRY,,,,,20180225,Cross-sectional. Data and codebook link is to the 2016 merged Round 6.
"Age, gender and profession of parliamentarians",parties and politicians,http://archive.ipu.org/gpr-e/downloads/index.htm,"Chamber, gender, age, profession",,1,1,1,1,1,2012,2012,online,no,1,http://archive.ipu.org/gpr-e/downloads/dataset-notes-e.pdf,,,,http://archive.ipu.org/gpr-e/downloads/data-age-gender-profession-e.xls,,,COUNTRY,,,,,20180410,
AidData,international relations,http://aiddata.org/data/aiddata-core-research-release-level-1-v3-0,International development flows,96 countries,,,,,,1947,2013,online,no,1,http://docs.aiddata.org/ad4/files/inline/readme.pdf,,,,,,https://github.com/AidData-WM/public_datasets/releases/download/v3.0/AidDataCore_ResearchRelease_Level1_v3.0.zip,,,,,,,
Alliance Treaty Obligations and Provisions,international relations,http://atop.rice.edu/data,"alliance, treaty, obligations, international security, international cooperation",,1,1,1,1,1,1815,2003,online,no,1,,,,,,,http://atop.rice.edu/download/data/ATOP3_0csv.zip,,begyr,cowid,10.1080/03050620213653,,20180401,
American National Election Studies,citizens,http://www.electionstudies.org/,"Political attitudes, voting behavior, political participation, socio-demographic characteristics",USA,,,,,,1948,,online,online,1,,,,,,,,,,,,,,Cross-sectional and panel datasets
American Trends Panel Datasets,citizens,http://www.pewresearch.org/american-trends-panel-datasets/,"political knowledge, immigration, personality politics, media consumption, guns",USA,0,0,0,0,1,2014,2017,online,yes,1,,,,,,,,,,,,,20180321,
Americas Barometer,citizens,http://www.vanderbilt.edu/lapop/about-americasbarometer.php,"Political attitudes, political participation, socio-demographic characteristics",Latin America,,,,,,2004,,online,no,1,http://datasets.americasbarometer.org/database/files/12364388022004-2014%20Grand%20Merge%20Codebook_V3.0_Free_W.pdf,,,,,,http://datasets.americasbarometer.org/database/files/746278534AmericasBarometer%20Grand%20Merge%202004-2014%20v3.0_FREE_dta.zip,,,,,,,Cross-sectional dataset. Link to zip file is to the 2004-2014 merged Stata file.
An Automated Database of the European Parliament,political elites,http://folk.uio.no/bjornkho/MEP/,"European Parliament, MEP",Europe,,,,,,1979,,online,password,1,,,,,,,,,,,,,,
Arab Barometer,citizens,http://arabbarometer.org/,"Political attitudes, political participation, socio-demographic characteristics",Middle East,,,,,,2006,,online,no,1,http://www.arabbarometer.org/sites/default/files/code_book/AB4%20English%20Codebook%20Final%20English.pdf,,http://www.arabbarometer.org/sites/default/files/Arab_Barometer_Fourth_Wave_English_Data_Set_v1.dta,http://www.arabbarometer.org/sites/default/files/Arab_Barometer_Fourth_Wave_English_Data_Set_v1.sav,,,,,,,,,,Cross-sectional dataset. Links are to the Arab Barometer IV data files.
Archigos: A Data Base on Leaders 1875-2004,political elites,http://www.rochester.edu/college/faculty/hgoemans/data.htm,"Political leaders, leader characteristics",world,,,,,,1875,2015,online,no,1,http://www.rochester.edu/college/faculty/hgoemans/Archigos_4.1.pdf,,http://www.rochester.edu/college/faculty/hgoemans/Archigos_4.1_stata14.dta,,,,,,,,,,,Stata link is to Version 4.1.
Armed Conflict Location & Event Data Project,international relations,https://www.acleddata.com/data/acled-version-7-1997-2016/,"Conflict, protest",Africa,,,,,,1997,2016,online,no,1,https://www.acleddata.com/wp-content/uploads/2017/01/ACLED_Codebook_2017.pdf,,,,https://www.acleddata.com/wp-content/uploads/2017/01/ACLED-Version-7-All-Africa-1997-2016_dyadic-file.xlsx,,https://www.acleddata.com/wp-content/uploads/2017/01/ACLED-Version-7-All-Africa-1997-2016_csv_dyadic-file.zip,,,,,,,csv in zip file
Asian Barometer,citizens,http://www.asianbarometer.org/,"Economic evaluations, trust in institutions, social capital, political participation, access to public service, internet and social media, partisanship",Asia,,,,,,2001,,mail,application,1,http://www.asianbarometer.org/pdf/core_questionnaire_wave4.pdf,,,,,,,,,,,,,Codebook link is to questionnaire for the 4th wave
Australian Candidate Study,political elites,http://www.australianelectionstudy.org/candidate_studies.html,Political attitudes,Australia,,,,,,1987,2016,online,no,1,http://ada.edu.au/ADAData/AES/Australian%20Candidate%20Study%202016.pdf,,,http://ada.edu.au/ADAData/data/acs_2016_01366.sav,,,,,,,,,,links are to the 2016 survey
Australian Constitutional Referendum Study,citizens,http://www.australianelectionstudy.org/other_studies_acrs.html,Political attitudes,Australia,,,,,,1999,1999,online,no,1,http://nesstar.ada.edu.au/webview/velocity?study=http://150.203.254.120:80/obj/fStudy/au.edu.anu.ada.ddi.01018-pub&format=pdf&mode=transform&s&gs,,,http://ada.edu.au/ADAData/data/acrs_1999_01018-pub.sav,,,,,,,,,,
Australian Election Studies: Voter Studies,citizens,http://www.australianelectionstudy.org/voter_studies.html,Political attitudes,Australia,,,,,,1987,2016,online,no,1,http://nesstar.ada.edu.au/webview/velocity?study=http://150.203.254.120:80/obj/fStudy/au.edu.anu.ada.ddi.01365&format=pdf&mode=transform&s&gs,,,http://ada.edu.au/ADAData/data/aes_2016_01365.sav,,,,,,,,,,links are to the 2016 survey
Australian National Political Attitudes Surveys,citizens,http://www.australianelectionstudy.org/anpas.html,Political attitudes,Australia,,,,,,1967,1979,online,no,1,http://nesstar.ada.edu.au/webview/velocity?study=http://150.203.254.120:80/obj/fStudy/au.edu.anu.ada.ddi.00009&format=pdf&mode=transform&s&gs,,,http://ada.edu.au/ADAData/data/anpas_1979_00009.sav,,,,,,,,,,links are to the 1979 survey
Austrian National Election Study,citizens,http://www.autnes.at/en/data-download/,,Austria,,,,,,2002,,public archive,"free, registration",,,,,,,,,,,,,,,
Authoritarian Regimes Dataset,democracy,https://sites.google.com/site/authoritarianregimedataset/data,,,,,,,,1972,2014,public archive,"free, online",,,,,,,,,,,,,,,
Autocratic Regime Data,democracy,http://sites.psu.edu/dictators/,"Autocratic regimes, failures, non-democracy",world,,,,,,1741,2010,online,"free, no registration",,http://sites.psu.edu/dictators/wp-content/uploads/sites/12570/2016/05/GWF-Codebook.pdf,,,,,,http://sites.psu.edu/dictators/wp-content/uploads/sites/12570/2016/05/GWF-Autocratic-Regimes-1.2.zip,,,,,,,
Barro-Ursua Macroeconomic Data,economics,https://scholar.harvard.edu/barro/publications/barro-ursua-macroeconomic-data,"macro economic, gdp",,1,1,1,1,1,1790,2009,online,no,1,,,,,https://scholar.harvard.edu/files/barro/files/barro_ursua_macrodataset_1110.xls,,,,,,,,20180331,
Basic data on parliaments,cabinets and parliaments,http://archive.ipu.org/gpr-e/downloads/index.htm,,,,,,,,,,public archive,"free, online",,,,,,,,,,,,,,,
"Boix-Miller-Rosato (BMR) dichotomous coding of democracy, 1800-2010",democracy,https://sites.google.com/site/mkmtwo/data,,,,,,,,,,,,,,,,,,,,,,,,,,
British Election Study,citizens,http://www.britishelectionstudy.com/,,Britain,,,,,,1964,,,,,,,,,,,,,,,,,,
British Household Panel Survey,citizens,https://www.iser.essex.ac.uk/bhps,,,,,,,,1991,2009,,,,,,,,,,,,,,,,,panel
British Social Attitudes,citizens,http://www.natcen.ac.uk/our-research/research/british-social-attitudes/,,Britain,,,,,,,,,,,,,,,,,,,,,,,,
Cabinets and Coalition Bargaining,cabinets and parliaments,http://www.erdda.se/index.php/projects/cpd/data-archive,,,,,,,,,,,"free, online",,,,,,,,,,,,,,,
Canadian Election Study,citizens,http://ces-eec.arts.ubc.ca/english-section/surveys/,,Canada,,,,,,2004,,public archive,"free, online",,,,,,,,,,,,,,,
Caucasus Barometer,citizens,http://caucasusbarometer.org/en/datasets/,,Caucasus,,,,,,2008,,,,,,,,,,,,,,,,,,
Chance-Corrected Measures of Foreign Policy Similarity,international relations,https://doi.org/10.7910/DVN/ALVXLM,Foreign policy,world,,,,,,1946,2012,online,"free, no registration",,,,,,,,,,,,,,,
Change in Source of Leader Support,international relations,http://www.chisols.org/,Leader transitions,world,,,,,,1919,2008,online,"free, no registration",,http://www.chisols.org/uploads/1/1/2/6/11264284/chisolsusermanualv4.0.pdf,,,,,,http://www.chisols.org/uploads/1/1/2/6/11264284/chisolsstyr4_0.zip,,,,,,,zip file is for the state-year datasets
Chapel Hill Expert Survey,parties and politicians,https://www.chesdata.eu/our-surveys/,,,,,,,,,,,,,,,,,,,,,,,,,,
Chinese General Social Survey,citizens,http://www.chinagss.org/index.php?r=index/index&hl=en,political attitudes,China,0,1,0,0,0,2003,2013,online,yes,1,,,,,,,,,,,,,20180402,
Chinn-Ito Index,economics,http://web.pdx.edu/~ito/Chinn-Ito_website.htm,"financial development, capital controls, financial liberalization, openness",,1,1,1,1,1,1970,2015,online,no,1,http://web.pdx.edu/~ito/Readme_kaopen2015.pdf,,http://web.pdx.edu/~ito/kaopen_2015.dta,,http://web.pdx.edu/~ito/kaopen_2015.xls,,,country_name,year,,10.1016/j.jdeveco.2005.05.010,,20180516,
Civil Liberty Dataset,democracy,http://ps.au.dk/forskning/forskningsprojekter/dedere/datasets/,"Civil liberties, developments, freedom of expression, freedom of religion, freedom of movement",world,,,,,,1976,2010,online,"free, no registration",,http://ps.au.dk/fileadmin/Statskundskab/Dokumenter/Forskning/Forskningscentre/DEDERE/CLDcodebook.pdf,,,,http://ps.au.dk/fileadmin/Statskundskab/Dokumenter/Forskning/Forskningscentre/DEDERE/CLD_cow.xls,,,,,,,,,
Coalition Governments in Western Europe,cabinets and parliaments,http://www.erdda.se/index.php/projects/cpd/data-archive,,,,,,,,,,,"free, online",,,,,,,,,,,,,,,
Comparative Agendas Project,parties and politicians,http://www.comparativeagendas.net/datasets_codebooks,,,,,,,,,,,,,,,,,,,,,,,,,,
Comparative Agendas Project: Media,media,http://www.comparativeagendas.net/datasets_codebooks,,"Belgium, Hungary, Spain, State of Pennsylvania, Switzerland, United Kingdom, United States",,,,,,,,,,,,,,,,,,,,,,,,
Comparative Agendas Project: Public Opinion & Interest Groups,citizens,http://www.comparativeagendas.net/datasets_codebooks,,"Hungary, Switzerland, United Kingdom, United States",,,,,,,,,,,,,,,,,,,,,,,,
Comparative Constitutions Project,constitutions,http://comparativeconstitutionsproject.org/download-data/,,,,,,,,,,,,,,,,,,,,,,,,,,
Comparative Parties Data Set,parties and politicians,http://www.marquette.edu/polisci/faculty_swank.shtml,,,,,,,,,,,,,,,,,,,,,,,,,,
Comparative Political Data Set,political institutions,http://www.cpds-data.org/,"government, elections, party system, institutions, economy, labour force, policy, demography",,0,1,1,0,1,1960,2015,online,no,1,http://www.cpds-data.org/images/Update2017/Codebook-CPDS-1960-2015-Update-2017.pdf,,http://www.cpds-data.org/images/Update2017/CPDS-1960-2015-Update-2017.dta,,http://www.cpds-data.org/images/Update2017/CPDS-1960-2015-Update-2017.2.xlsx,,,country,year,,,,20180317,
Comparative Study of Electoral Systems,citizens,http://www.cses.org/,,,,,,,,,,,,,,,,,,,,,,,,,,
Comparative Welfare Entitlements Dataset,policy,http://cwed2.org/download.php,,,,,,,,,,,,,,,,,,,,,,,,,,
Comparative Welfare States Data Set,policy,http://www.lisdatacenter.org/resources/other-databases/,,,,,,,,1960,2011,public archive,free,,,,,,,,,,,,,,,
Conflict Catalog,international relations,http://www.cgeh.nl/data#conflict,"conflict, fatalities",,1,1,1,1,1,1400,2000,online,no,1,http://www.cgeh.nl/sites/default/files/Notes%20about%20Conflict%20Catalog.pdf,,,,http://www.cgeh.nl/sites/default/files/Conflict%20Catalog%2018%20vars.xls,,,,StartYear,,,,20180518,
Constituency-Level Elections Archive,elections,http://www.electiondataarchive.org/,"elections, seats, turnout",,1,1,1,1,1,1788,2017,online,no,1,http://www.electiondataarchive.org/data/releases/clea_20180507_documentation.zip,,,,,,http://www.electiondataarchive.org/data/releases/clea_20180507.zip,ctr_n,yr,,,,20180515,
Constitutional Court of Turkey Justice Decisions Dataset,constitutions,https://doi.org/10.7910/DVN/F8ITEB,,Turkey,,,,,,1982,2011,online,"free, no registration",,,,,,,,,,,,,,,
Cooperative Congressional Election Study,citizens,https://cces.gov.harvard.edu/,"Political attitudes, voting behavior, political participation, socio-demographic characteristics",USA,,,,,,2006,,online,"free, no registration",,,,,,,,,,,,,,,
Correlates of State Policy,policy,http://www.ippsr.msu.edu/public-policy/correlates-state-policy,,USA,,,,,,1900,2016,online,"free, no registration",,http://ippsr.msu.edu/sites/default/files/CorrelatesCodebook.pdf,http://ippsr.msu.edu/sites/default/files/correlatesofstatepolicyprojectv1_13.csv,http://ippsr.msu.edu/sites/default/files/correlatesofstatepolicyprojectv1_13.dta,,http://ippsr.msu.edu/sites/default/files/correlatesofstatepolicyprojectv1_13.xlsx,,,,,,,,,
Correlates of War,international relations,http://www.correlatesofwar.org/,,world,,,,,,1816,2007,public archive,"free, online",,,,,,,,,,,,,,,
Corruption Perceptions Index,governance,https://www.transparency.org/research/cpi/,,,,,,,,1995,,public archive,"free, online",,,,,,,,,,,,,,,
Counter Trafficking Data Collaborative,international relations,https://www.ctdatacollaborative.org/download-global-dataset,"Human trafficking, victims",world,,,,,,2002,,online,"free, no registration",,https://www.ctdatacollaborative.org/sites/default/files/CTDC%20codebook%20v6_0.pdf,https://www.ctdatacollaborative.org/sites/default/files/The%20Global%20Dataset%2027%20Nov%202017_0.csv,,,,,,,,,,,,
Coups in the World,international relations,http://www.jonathanmpowell.com/coup-detat-dataset.html,"civil wars, coup d’état",,1,1,1,1,1,1950,2010,online,no,1,http://www.uky.edu/~clthyn2/coup_data/Codebook.pdf,,,,,,,country,year,,10.1177/0022343310397436,,20180523,
Cross-Cutting Cleavage Dataset,international relations,https://sites.google.com/site/joelsawatselway/CROSS-CUTTING-CLEAVAGES-DATA,"ethnic diversity, crosscutting cleavages, economic growth, social structure, ethnic fractionalization",,1,1,1,1,1,2014,2014,online,no,1,,https://sites.google.com/site/joelsawatselway/CROSS-CUTTING-CLEAVAGES-DATA/Aug%202014%20155%20Country%20Dataset.csv,https://sites.google.com/site/joelsawatselway/CROSS-CUTTING-CLEAVAGES-DATA/Aug%202014%20155%20Country%20Dataset.dta,,https://sites.google.com/site/joelsawatselway/CROSS-CUTTING-CLEAVAGES-DATA/Aug%202013%20Includes%20155%20Country%20Dataset.xls?attredirects=0&d=1,,,country,,,10.1093/pan/mpq036,1902.1/15162,20180405,
Danish General Election Results,elections,https://github.com/Straubinger/folketingsvalg,,Denmark,,,,,,1953,,public archive,"free, online",,,,,,,,,,,,,,,
Danish National Election Study,citizens,http://www.valgprojektet.dk/default.asp?l=eng,,Denmark,,,,,,1971,,,,,,,,,,,,,,,,,,
Database of Political Institutions,political institutions,"http://econ.worldbank.org/WBSITE/EXTERNAL/EXTDEC/EXTRESEARCH/0,,contentMDK:20649465~pagePK:64214825~piPK:64214943~theSitePK:469382,00.html",,180 countries,,,,,,1975,2015,public archive,"free, online",,,,,,,,,,,,,,,
Decision-making in the European Union,other,http://www.robertthomson.info/research/resolving-controversy-in-the-eu,,Europe,,,,,,,,online,"free, no registration",,http://www.robertthomson.info/wp-content/uploads/2011/01/Issues_list_new_26March2012.pdf,http://www.robertthomson.info/wp-content/uploads/2011/01/deu15_27_26March2012.csv,,,,,,,,,,,,
Democracy Barometer,democracy,http://www.democracybarometer.org/dataset_en.html,"Democracy, freedom, control, equality",world,,,,,,1990,2014,online,"free, no registration",,http://www.democracybarometer.org/Data/Codebook_all%20countries_1990-2014.pdf,,http://www.democracybarometer.org/Data/DB_data_1990-2014_Standardized.dta,,http://www.democracybarometer.org/Data/DB_data_1990-2014_Standardized.xlsx,,,,,,,,,
Democracy Crossnational Data,democracy,https://sites.hks.harvard.edu/fs/pnorris/Data/Data.htm,,191 countries,,,,,,,,online,"free, no registration",,https://sites.hks.harvard.edu/fs/pnorris/Data/Democracy%20CrossNational%20Data/Democracy%20Crossnational%20Codebook%20March%202009.pdf,https://sites.hks.harvard.edu/fs/pnorris/Data/Democracy%20CrossNational%20Data/Democracy%20Crossnational%20Data%20Spring%202009.csv,https://sites.hks.harvard.edu/fs/pnorris/Data/Democracy%20CrossNational%20Data/Democracy%20Crossnational%20Data%20Spring%202009%20StataSE.dta,https://sites.hks.harvard.edu/fs/pnorris/Data/Democracy%20CrossNational%20Data/Democracy%20Crossnational%20Data%20Spring%202009.sav,https://sites.hks.harvard.edu/fs/pnorris/Data/Democracy%20CrossNational%20Data/Democracy%20Crossnational%20Data%20Spring%202009%20Excel.xlsx,,,,,,,,,
Democracy Fund Voter Study Group,citizens,https://www.voterstudygroup.org/data,"political attitudes, voting behavior, political participation, socio-demographic characteristics",USA,0,0,0,0,1,2016,2017,online,no,1,,,,,,,,,,,,,20180430,
Democracy/Autocracy Data Set,democracy,https://hdl.handle.net/1902.1/18836,"democracy, autocracy, regime type",,1,1,1,1,1,1954,2010,online,no,1,,,,,,,,Country,EventYear,,10.1080/13510340701303196,1902.1/18836,20180523,
Democratic Accountability and Citizen-Politician Linkages,democracy,https://sites.duke.edu/democracylinkage/data/,,,,,,,,,,,,,,,,,,,,,,,,,,
Democratic Electoral Systems,elections,http://mattgolder.com/elections,"electoral systems, party systems",,1,1,1,1,1,1945,2016,online,no,1,http://mattgolder.com/files/research/es_v3_codebook.pdf,,,,,,http://mattgolder.com/files/research/es_data-v3.zip,country,year,,10.1016/j.electstud.2013.01.005,,20180516,
Democratic Innovations Data,governance,https://www.hertie-school.org/en/governancereport/govreport-indicators/,,,,,,,,,,public archive,"free, online",,,,,,,,,,,,,,,
Disaggregated Military Expenditure,international relations,http://pages.ucsd.edu/~egartzke/datasets.htm,"military defense, peacetime, rivalry, civil wars, military alliances",,1,1,1,1,1,1950,1997,online,no,1,http://pages.ucsd.edu/~egartzke/data/milcapstock_codebook.pdf,,,,,,http://pages.ucsd.edu/~egartzke/data/milcapstock.zip,state,year,cowid,10.1111/0020-8833.00210,,20180528,
Disclosure by Politicians,political institutions,http://mba.tuck.dartmouth.edu/pages/faculty/rafael.laporta/publications.html,financial disclosure,,1,1,1,1,1,2010,2010,online,no,1,http://mba.tuck.dartmouth.edu/pages/faculty/rafael.laporta/docs/Disclosure_by_Politicians_AEJAPP_final.pdf,,,,http://mba.tuck.dartmouth.edu/pages/faculty/rafael.laporta/docs/Transparency_Data_ForWeb_jan28_2009.xls,,https://www.aeaweb.org/aej/app/data/2009-0187_data.zip,cname_wb_law,,,10.1257/app.2.2.179,,20180521,
Domestic Terrorist Victims dataset,international relations,http://hdl.handle.net/1902.1/14717,"Political violence, target selection, terrorism, victims",Western Europe,,,,,,1965,2005,online,"free, no registration",,,,,,,,,,,,,,,
Dutch Parliamentary Electoral Studies,citizens,http://www.dpes.nl/en/,"Political attitudes, voting behavior, political participation, socio-demographic characteristics",Netherlands,0,0,0,0,1,1971,1998,online,yes,1,,,,,,,,,,,,,20180331,
Dutch Parliamentary Voting Dataset,cabinets and parliaments,https://doi.org/10.7910/DVN/UXIBNO,Parliament legislative behaviour legislative voting,Netherlands,,,,,,1945,,online,"free, no registration",,,,,,,,,,,,,,,
Economic Freedom of the World,economics,https://www.fraserinstitute.org/economic-freedom/dataset,,,,,,,,1970,2015,public archive,"free, online",,,,,,,,,,,,,,,
Election Studies Eastern Europe,citizens,https://www.gesis.org/angebot/daten-analysieren/weitere-sekundaerdaten/weitere-internationale-daten/europaeische-wahlstudien/election-studies-eastern-europe/,,"Belarus, Bulgaria, the Czech Republic, Croatia, Macedonia, Poland, Serbia, Slovakia, Slovenia, Ukraine",,,,,,,,,,,,,,,,,,,,,,,,
Electoral Systems and the Personal Vote,democracy,http://hdl.handle.net/1902.1/17901,,,,,,,,,,public archive,"free, online",,,,,,,,,,,,,,,
Electoral Volatility and its internal components in Western Europe,elections,https://cise.luiss.it/cise/dataset-of-electoral-volatility-and-its-internal-components-in-western-europe-1945-2015/,"Electoral volatility, party system institutionalization, party system regeneration",Western Europe,,,,,,1945,2017,online,"free, no registration",,https://cise.luiss.it/cise/download/Codebook-and-dataset-information1.pdf,,,,https://cise.luiss.it/cise/wp-content/uploads/downloads/2017/08/Dataset-of-Electoral-Volatility-and-its-internal-components-in-Western-Europe-1945-2015.xlsx,,,,,,,,,
Environmental Performance Index,other,http://epi.yale.edu/downloads,,,,,,,,,,public archive,"free, online",,,,,,,,,,,,,,,
EPRG MEP Surveys,parties and politicians,https://mepsurvey.eu/data-objects/data/,,,,,,,,,,,,,,,,,,,,,,,,,,
Ethnic Power Relations,other,http://www.columbia.edu/~aw2951/Datasets.html,"Ethnic groups, state power",world,,,,,,1946,2010,online,"free, no registration",,http://www.columbia.edu/~aw2951/AppendixEthnicPolitics.pdf,http://www.columbia.edu/~aw2951/eprnew301.xlsx,http://www.columbia.edu/~aw2951/EPR3CountryNewReduced.dta,,,,,,,,,,,
Eurobarometer,citizens,http://ec.europa.eu/commfrontoffice/publicopinion/index.cfm,,,,,,,,,,,,,,,,,,,,,,,,,,
Euromanifesto,parties and politicians,http://europeanelectionstudies.net/ees-study-components/euromanifesto-study/,,Europe,,,,,,1979,,,,,,,,,,,,,,,,,,
European Central Bank: Statistical Data Warehouse,economics,http://sdw.ecb.europa.eu/,,,,,,,,,,,,,,,,,,,,,,,,,,
European Election Database,elections,http://www.nsd.uib.no/european_election_database,,,,,,,,,,,,,,,,,,,,,,,,,,
European Election Studies: Voter Study,citizens,http://europeanelectionstudies.net/ees-study-components/voter-study/,,Europe,,,,,,1979,,,,,,,,,,,,,,,,,,
European Election Study: Elite Study,political elites,http://europeanelectionstudies.net/ees-study-components/elite-study/,,Europe,,,,,,1979,,,,,,,,,,,,,,,,,,
European Election Study: Media Study,media,http://europeanelectionstudies.net/ees-study-components/media-study/,,Europe,,,,,,1979,2009,,,,,,,,,,,,,,,,,
European Quality of Life,citizens,https://www.eurofound.europa.eu/surveys/european-quality-of-life-surveys,,,,,,,,,,,,,,,,,,,,,,,,,,cross-sectional
European Representative Democracy,cabinets and parliaments,http://www.erdda.se/index.php/projects/erd/data-archive,,,,,,,,,,,"free, online",,,,,,,,,,,,,,,
European Social Survey,citizens,http://www.europeansocialsurvey.org/,"Media and social trust, Subjective well-being, Human values, Immigration, Citizen involvement, Health and care, Economic morality, Family work and well-being, Timing of life, Personal well-being, Welfare attitudes, Ageism, Justice, Democracy, Social inequalities in health, Public attitudes to climate change",Europe,,,,,,2002,,public archive,"free, online registration",,,,,,,,,,,,,,,"cross-sectional, panel"
European Union Indicators,governance,https://www.hertie-school.org/en/governancereport/govreport-indicators/,,,,,,,,,,public archive,"free, online",,,,,,,,,,,,,,,
European Values Study,citizens,http://www.europeanvaluesstudy.eu/,,,,,,,,,,,,,,,,,,,,,,,,,,
Eurostat,other,http://ec.europa.eu/eurostat/data/bulkdownload,,,,,,,,,,,,,,,,,,,,,,,,,,
EUSpeech,political elites,https://doi.org/10.7910/DVN/XPCVEI,"Sentiment, political topics, ideology",Europe,,,,,,2007,2015,online,"free, no registration",,,,,,,,,,,,,,,Text data on leader speeches in the European Union.
Expanded Trade and GDP Data,economics,http://privatewww.essex.ac.uk/~ksg/exptradegdp.html,,,,,,,,1948,2000,public archive,"free, online",,,,,,,,,,,,,,,
Extended State History Index,other,https://sites.google.com/site/econolaols/extended-state-history-index,,world,,,,,,-4000,2000,online,"free, no registration",,https://drive.google.com/file/d/1t5p1USIivXK-38urc2d5Fx7X5rHTzxzQ/view?usp=sharing,,,,https://drive.google.com/file/d/1OExJ70t0YBzlV1vhUE11bbQTW8tJH7cW/view?usp=sharing,,,,,,,,,
FiveThirtyEight's Pollster Ratings,citizens,https://github.com/fivethirtyeight/data/tree/master/pollster-ratings,opinion polls,USA,0,0,0,0,1,1998,2018,online,no,1,,https://raw.githubusercontent.com/fivethirtyeight/data/master/pollster-ratings/raw-polls.csv,,,,,,,,,,,20180530,
Forcibly Displaced Populations,international relations,http://www.systemicpeace.org/inscrdata.html,,,,,,,,1964,2008,public archive,"free, online",,,,,,,,,,,,,,,
Fractionalization,other,http://www.anderson.ucla.edu/faculty_pages/romain.wacziarg/papersum.html,,,,,,,,,,public archive,"free, online",,,,,,,,,,,,,,,
Fragile States Index,international relations,http://fundforpeace.org/fsi/data/,,,,,,,,2006,,,,,,,,,,,,,,,,,,
fRDB-IZA Social Reforms Database,policy,http://www.frdb.org/page/data/scheda/frdb-iza-social-reforms-database/doc_pk/9027,,,,,,,,1980,2007,,,,,,,,,,,,,,,,,panel
Free and Fair Elections Database,elections,http://www.csae.ox.ac.uk/general/free-and-fair-elections-database,"Elections, counting of votes, electoral rights, legal framework, media access",world,,,,,,1975,2012,online,"free, no registration",,http://www.csae.ox.ac.uk/materials/data/151/csae-data-ffelectionscodebookmarch2014.pdf,http://www.csae.ox.ac.uk/materials/data/151/csae-data-ffelections-v11-dates.csv,,,http://www.csae.ox.ac.uk/materials/data/151/csae-data-ffelections-v11-dates.xlsx,,,,,,,,,
From Empire to Nation-State,international relations,http://www.columbia.edu/~aw2951/Datasets.html,,world,,,,,,1816,2001,online,"free, no registration",,http://www.columbia.edu/~aw2951/EmpireNSdataset.pdf,http://www.columbia.edu/~aw2951/WimmerMin1.0.xls,http://www.columbia.edu/~aw2951/WimmerMin1.0.dta,,,,,,,,,,,
General Social Survey​,citizens,http://gss.norc.org/,,USA,,,,,,1972,,public archive,"free, online",,,,,,,,,,,,,,,
Genocides and Politicides events,international relations,http://www.gpanet.org/content/genocides-and-politicides-events-1955-2002,"elites, politicide, failed states, political risk, civil wars, autocracy, mass murder",,1,1,1,1,0,1956,2006,online,no,1,http://www.gpanet.org/webfm_send/47,,,,http://www.gpanet.org/webfm_send/46,,,COUNTRY,YEAR,,10.1017/S0003055403000522,,20180524,
German General Social Survey,citizens,https://www.gesis.org/en/institute/competence-centers/rdc-allbus//,,Germany,,,,,,1980,,,,,,,,,,,,,,,,,,
German Longitudinal Election Study,citizens,https://www.gesis.org/en/elections-home/gles/data/,"Political attitudes, voting behavior, political participation, socio-demographic characteristics",Germany,,,,,,2009,,online,"free, registration",,,,,,,,,,,,,,,
German Socio-Economic Panel,citizens,https://www.eui.eu/Research/Library/ResearchGuides/Economics/Statistics/DataPortal/GSOEP,,,,,,,,,,,,,,,,,,,,,,,,,,
Girl Child Soldier Dataset,international relations,https://www.prio.org/JPR/Datasets/,"girl fighters, girl soldiers, rebel groups",,1,1,1,1,1,1961,2011,online,no,1,,,,,,,https://www.prio.org/utility/DownloadFile.ashx?id=24&type=replicationfile,side_a,year,cow,10.1177/0022343317752540,,20180504,
Global Elections Database,elections,http://www.globalelectionsdatabase.com/index.php/datasets,,world,,,,,,,,public archive,"free, registration",,,,,,,,,,,,,,,
Global Integrity Report,governance,https://www.globalintegrity.org/downloads/,,,,,,,,,,public archive,"free, online",,,,,,,,,,,,,,,
Global Media Freedom Dataset,media,http://faculty.uml.edu/Jenifer_whittenwoodring/MediaFreedomData_000.aspx,,196 countries,,,,,,1948,2012,online,"free, no registration",,,http://faculty.uml.edu/Jenifer_whittenwoodring/GMFD_V2.csv,,,,,,,,,,,,See also this article for more info https://doi.org/10.1017/psrm.2015.68
Global State of Democracy,democracy,https://www.idea.int/gsod-indices/dataset-resources,"Democracy, democratic rights",world,,,,,,1975,2015,online,"free, no registration",,https://www.idea.int/gsod/files/IDEA-GSOD-2017-CODEBOOK.pdf,https://www.idea.int/gsod-indices/sites/default/files/gsodi_pv_1.csv,,https://www.idea.int/gsod-indices/sites/default/files/gsodi_pv_1.sav,https://www.idea.int/gsod-indices/sites/default/files/gsodi_pv_1.xlsx,,,,,,,,,
Global State Revenues and Expenditures,economics,https://sites.google.com/a/thomaserichter.de/gsre/gsre-1-0,"Public expenditures, public Revenue",world,,,,,,1946,2006,online,"free, registration",,,,,,,,,,,,,,,
Global Terrorism Database,international relations,http://www.start.umd.edu/gtd/,"Terror, victims, attacks, casualties",world,,,,,,1970,2015,online,"free, online form",,http://www.start.umd.edu/gtd/downloads/Codebook.pdf,,,,,,,,,,,,,
Governance Challenges Indicators,governance,https://www.hertie-school.org/en/governancereport/govreport-indicators/,,,,,,,,,,public archive,"free, online",,,,,,,,,,,,,,,
Government Revenue Dataset,policy,https://www.wider.unu.edu/database/additional-data-files-grd,,,,,,,,,,public archive,"free, online",,,,,,,,,,,,,,,
"Governments Data, 1950-1995",cabinets and parliaments,https://www.binghamton.edu/political-science/research.html/,,,,,,,,,,,,,,,,,,,,,,,,,,
High Casualty Terrorist Bombings,international relations,http://www.systemicpeace.org/inscrdata.html,,,,,,,,1989,2017,public archive,"free, online",,,,,,,,,,,,,,,
Ibrahim Index of African Governance,governance,http://mo.ibrahim.foundation/iiag/downloads/,,,,,,,,,,public archive,"free, online",,,,,,,,,,,,,,,
Icelandic National Election Study,citizens,http://fel.hi.is/icelandic_national_election_study_icenes,"Political attitudes, political participation, socio-demographic characteristics",Iceland,0,0,0,0,1,1983,2013,online,no,1,http://fel.hi.is/sites/fel.hi.is/files/islenska_kosningarannsoknin/ICENESSecondrelease/2014/ICENES_2013/icenes_2013_codebook_open_access_english_1release.pdf,,,http://fel.hi.is/sites/fel.hi.is/files/islenska_kosningarannsoknin/ICENESSecondrelease/2014/ICENES_2013/icenes_2013_open_access_english_1release.sav,,,,,,,,,20180306,links are to 2013 codebook and data
Ill-Treatment and Torture,international relations,http://faculty.ucmerced.edu/cconrad2/Academic/Data.html,"Human rights, torture",world,,,,,,1995,2005,online,"free, no registration",,http://faculty.ucmerced.edu/cconrad2/Academic/Data_files/ITT_CY_UsersGuide19July11.pdf,,,,,,http://faculty.ucmerced.edu/cconrad2/Academic/Data_files/CY.zip,,,,,,,
Immigration Policies in Comparison,policy,http://www.impic-project.eu/data/,,,,,,,,,,,,,,,,,,,,,,,,,,
Infrastructure Database,policy,https://www.hsph.harvard.edu/david-canning/data-sets/,"infrastructure, paved roads, telephone main lines, electricity generating capacity, railway lines",,1,1,1,1,1,1950,2005,online,no,1,https://cdn1.sph.harvard.edu/wp-content/uploads/sites/241/2012/10/A_Database_of_World_Stocks_of_Infrastructure.doc,,,,,,,,,,10.1093/wber/12.3.529,,20180529,
Infrastructure Governance Indicators,governance,https://www.hertie-school.org/en/governancereport/govreport-indicators/,,,,,,,,,,public archive,"free, online",,,,,,,,,,,,,,,
"Institutional Characteristics of Trade Unions, Wage Setting, State Intervention and Social Pacts",political institutions,http://www.uva-aias.net/en/ictwss,,51 countries,,,,,,1960,2014,public archive,"free, online",,,,,,,,,,,,,,,
Institutional Quality Dataset,political institutions,https://sites.google.com/site/aljazkuncic/research,,,,,,,,1990,2010,public archive,"free, online",,,,,,,,,,,,,,,
Institutions and Elections Project,political institutions,https://havardhegre.net/iaep/,,,,,,,,,,,"free, online",,,,,,,,,,,,,,,panel
International Military Intervention,international relations,https://www.k-state.edu/polsci/intervention/,"foreign military intervention, international military intervention, international conflict, use of force",,1,1,1,1,1,1946,2015,online,no,1,https://www.k-state.edu/polsci/intervention/ICPSRCodebookforKisanganiPickering_1989-2005Data.doc,,,,https://www.k-state.edu/polsci/intervention/MergedIMIData1947-2005.xls,,,,,,,,20180409,
International Political Economy Data Ressource,international relations,https://doi.org/10.7910/DVN/X093TV,"International relations, political economy, IPE, international political economy",world,,,,,,1800,2017,online,"free, no registration",,,,,,,,,,,,,,,
International Social Survey Programme,citizens,http://www.issp.org/menu-top/home/,,,,,,,,,,,,,,,,,,,,,,,,,,
Israel National Election Studies,citizens,http://www.ines.tau.ac.il/elections.html,,Israel,,,,,,1969,,public archive,"free, online form",,,,,,,,,,,,,,,
Italian National Election Studies,citizens,http://www.itanes.org/en/,"Political attitudes, voting behavior, political participation, socio-demographic characteristics",Italy,0,0,0,0,1,1968,2016,online,request form,1,,,,,,,,,,,,,20180401,
Jordà-Schularick-Taylor Macrohistory Database,economics,http://www.macrohistory.net/data/,"GDP, government revenue, money, interest rates, credit, asset prices, financial crisis","Australia, Belgium, Canada, Denmark, Finland, Finland, France, Germany, Italy, Japan, Netherlands, Norway, Portugal, Spain, Sweden, Switzerland, UK, USA",,,,,,1870,2013,online,"free, no registration",,http://www.macrohistory.net/JST/JSTdocumentationR2.pdf,,http://www.macrohistory.net/JST/JSTdatasetR2.dta,,http://www.macrohistory.net/JST/JSTdatasetR2.xlsx,,,,,,,,,
Judicial Checks and Balances,constitutions,http://faculty.tuck.dartmouth.edu/rafael-laporta/research-publications/,,71 countries,,,,,,,,public archive,"free, online",,,,,,,,,,,,,,,
KOF Globalization Index,other,http://globalization.kof.ethz.ch/,"economic globalization, political globalization, social globalization",207 countries,,,,,,1970,2014,public archive,"free, online",,,,,,,,,,,,,,,
Konstanz One-Sided Violence Event Dataset,international relations,https://cms.uni-konstanz.de/fileadmin/archive/kosved/polver/gschneider/forschung/kosved/data/,"Mass killings, massacres, one-sided violence, political violence",,,,,,,1985,2008,online,"free, no registration",,https://cms.uni-konstanz.de/fileadmin/polver/gschneider/KOSVED/Coders_and_sources_kosved_webappendix_20130527.pdf,,,,https://cms.uni-konstanz.de/fileadmin/polver/gschneider/KOSVED/KOSVED_Gesamtdatensatz_20130529_ohneGIS.xlsx,,,,,,,,,
Korean General Social Survey,citizens,http://kgss.skku.edu/?page_id=39,"Political attitudes, political participation, socio-demographic characteristics",South Korea,0,1,0,0,0,2003,2016,online,no,1,http://kgss.skku.edu/wp-content/uploads/2017/06/2-1-2003-2016-KGSS-Cumulative-Codebook-06042017.pdf,,,http://partsweb.skku.edu/~srckgss/NEW/2003-2016_KGSS_public_v4.sav,,,,,,,,,20180316,
Korean National Assembly Election Data,elections,https://sites.google.com/site/knemoto1978/kuniakinemotodata,Elections,South Korea,,,,,,1988,2016,online,"free, no registration",,,,,,https://sites.google.com/site/knemoto1978/NA%20Elections%201988-2016.xlsx,,,,,,,,,
Latent Human Rights Protection Scores,international relations,https://doi.org/10.7910/DVN/24872,"Accountability, repression, human rights",world,,,,,,1949,2013,online,"free, no registration",,,,,,,,,,,,,,,
Latinobarometro,citizens,http://www.latinobarometro.org/lat.jsp,,Latin America,,,,,,1995,,,,,,,,,,,,,,,,,,
Leader Experience and Attribute Descriptions,political elites,https://doi.org/10.7910/DVN/SYZZEY,"Military experiences, childhood, education, personal, family life",world,,,,,,1875,2004,online,"free, no registration",,,,,,,,,,,,,,,
"Legislative production in the EU, 1967-2012",political institutions,http://www.dimiter.eu/Data.html,"regulations, directives, decisions, codifications",Europe,0,0,1,0,1,1967,2012,online,no,1,http://www.dimiter.eu/Data_files/eurlex/codebook.txt,http://www.dimiter.eu/Data_files/eurlex/eurlex%202013.csv,,,,,,,YEAR,,,,20180308,
Life in Transition Survey,citizens,http://www.ebrd.com/what-we-do/economic-research-and-data/data/lits.html,,Central and Eastern Europe,,,,,,2006,2016,online,"free, no registration",,http://www.ebrd.com/cs/Satellite?c=Content&cid=1395256887325&d=&pagename=EBRD%2FContent%2FDownloadDocument,,http://www.ebrd.com/cs/Satellite?c=Content&cid=1395256887465&d=&pagename=EBRD%2FContent%2FDownloadDocument,,,,,,,,,,,links are to LiTS III
Longitudinal Internet Studies for the Social sciences,citizens,https://www.lissdata.nl/,"Health, Religion and Ethnicity, Social Integration and Leisure, Family and Household, Work and Schooling, Personality, Politics and Values, Economic Situation",Netherlands,,,,,,2007,,public archive,"free, letter",,,,,,,,,,,,,,,
Maddison Project Database,economics,http://www.ggdc.net/maddison/maddison-project/data.htm,,,,,,,,1,2010,public archive,"free, online",,,,,,,,,,,,,,,
Major Episodes of Political Violence,international relations,http://www.systemicpeace.org/inscrdata.html,,,,,,,,1946,2016,public archive,"free, online",,,,,,,,,,,,,,,
Manifesto Project Main Dataset (Party Preferences),parties and politicians,https://manifesto-project.wzb.eu/datasets,,,,,,,,,,,,,,,,,,,,,,,,,,
Mass Mobilization in Autocracies Database,international relations,https://mmadatabase.org/,protest,,1,1,1,1,0,2003,2012,online,yes,1,https://mmadatabase.org/download/176/,,,,,,,,,cowcode,,,20180509,
Measuring Income Inequality Database,economics,"http://econ.worldbank.org/WBSITE/EXTERNAL/EXTDEC/EXTRESEARCH/0,,contentMDK:20699070~pagePK:64214825~piPK:64214943~theSitePK:469382,00.html",,138 countries,,,,,,1890,1996,public archive,"free, online",,,,,,,,,,,,,,,
Median Voter,citizens,https://www.binghamton.edu/political-science/research.html/,,,,,,,,,,,,,,,,,,,,,,,,,,
Members and Activists of Political Parties,parties and politicians,https://zenodo.org/record/61234,,"Australia, Austria, Belgium, Brazil, Canada, Croatia, Cyprus, Czech Republic, Denmark, Estonia, Finland, France, Germany, Hungary, Iceland, Ireland, Israel, Italy, Lithuania, Mexico, Netherlands, Norway, Poland, Portugal, Romania, Slovakia, Slovenia, Spain, Spain, Sweden, Switzerland, United Kingdom",,,,,,1946,2014,online,"free, no registration",,,,,,https://zenodo.org/record/61234/files/MAPP_dataset_-_Version_2.0.xlsx,,,,,,,,,See also this link for more documentation https://doi.org/10.1057/s41304-016-0098-z
Memberships in Conventional Intergovernmental Organizations,international relations,http://www.systemicpeace.org/inscrdata.html,,,,,,,,1952,1997,public archive,"free, online",,,,,,,,,,,,,,,
Militant Group Electoral Participation Dataset,international relations,https://doi.org/10.7910/DVN/FB0R8A,"Militant group electoral participation, rebel parties, post-conflict elections, wartime elections",world,,,,,,1970,2010,online,"free, no registration",,,,,,,,,,,,,,,
Militarized Compellent Threats,international relations,http://hdl.handle.net/1902.1/17315,"Bargaining, coercion, coercive diplomacy, compellence, crises, threats",,,,,,,1918,2001,online,"free, no registration",,,,,,,,,,,,,,,
Minorities at Risk,international relations,http://www.mar.umd.edu/mar_data.asp,,,,,,,,2004,2006,public archive,"free, online",,,,,,,,,,,,,,,
Multiculturalism Policies in Contemporary Democracies,policy,http://www.queensu.ca/mcp/about/definitionsdata,,,,,,,,,,,,,,,,,,,,,,,,,,
National Accounts Main Aggregates Database,economics,https://unstats.un.org/unsd/snaama/dnlList.asp,,,,,,,,,,,,,,,,,,,,,,,,,,
National Elections Across Democracy and Autocracy,elections,http://www.nelda.co/,,world,,,,,,1960,2006,public archive,"free, online form",,,,,,,,,,,,,,,
New Parties and Party System Innovation in Western Europe since 1945,parties and politicians,https://cise.luiss.it/cise/dataset-of-new-parties-and-party-system-innovation-in-western-europe-since-1945/,"electoral volatility, party system institutionalization, party system regeneration",,0,0,0,0,1,1945,2016,online,no,1,https://cise.luiss.it/cise/wp-content/uploads/downloads/2018/05/New-parties-and-party-system-innovation-codebook-and-dataset-information.pdf,,,,https://cise.luiss.it/cise/wp-content/uploads/downloads/2018/05/Dataset-of-New-Parties-and-Party-System-Innovation-after-1945.xlsx,,,Country,Year,,10.1177/1354068816678887,10.7802/1363,20180510,
New Zealand Election Study,citizens,http://www.nzes.org/exec/show/data,"Political attitudes, political participation, socio-demographic characteristics",New Zealand,0,0,0,0,1,1990,2014,online,no,1,,,,,,,http://www.nzes.org/data/NZES2014GeneralReleaseApril16.sav.zip,,,,,,20180307,
New Zealand General Election Data,elections,https://sites.google.com/site/knemoto1978/kuniakinemotodata,Elections,New Zealand,,,,,,1996,2014,online,"free, no registration",,,,,,https://sites.google.com/site/knemoto1978/MMP%20Elections%201996-2014.xlsx,,,,,,,,,
Nonviolent & Violent Campaigns and Outcomes,international relations,https://www.du.edu/korbel/sie/research/chenow_navco_data.html,"Nonviolent campaigns, violent campaigns",world,,,,,,1900,2011,online,"free, online registration",,,,,,,,,,,,,,,
"Norwegian Parliamentary Elections, 1906-2013",parties and politicians,https://doi.org/10.18712/NSD-NSD2405-V1,"Elections, parliamentary elections, parliamentary candidates, politicians",Norway,,,,,,1906,2013,delivered after acceptance of form,"free, order form and declaration of secrecy",,,,,,,,,,,,,,,Data on candidates running for parliamentary (Storting).
Nuclear Production Capabilities Dataset,international relations,http://pages.ucsd.edu/~egartzke/datasets.htm,"nuclear proliferation, counterproliferation, nuclear weapons, security, nuclear nonproliferation treaty, capabilities",,1,1,1,1,1,1938,2001,online,no,1,http://pages.ucsd.edu/~egartzke/data/jo_gartzke_0207_codebk_0906.pdf,,http://pages.ucsd.edu/~egartzke/data/jo_gartzke_0207_nuccap_0906.dta,,http://pages.ucsd.edu/~egartzke/data/jo_gartzke_0207_nuccap_0906.xls,,,,year,ccode,10.1177/0022002706296158,,20180528,
Oil and Gas Data,economics,https://doi.org/10.7910/DVN/ZTPW0Y,,,,,,,,1932,2014,public archive,"free, online",,,,,,,,,,,,,,,
ParlGov: Cabinets,cabinets and parliaments,http://www.parlgov.org/,cabinets,,0,1,1,0,1,1900,2017,online,no,1,http://www.parlgov.org/documentation/codebook#cabinet,http://www.parlgov.org/static/data/development-cp1252/view_cabinet.csv,,,,,,country_name,,,,10.7910/DVN/F0YGNC,20180509,
ParlGov: Elections,elections,http://www.parlgov.org/,elections,,0,1,1,0,1,1900,2017,online,no,1,http://www.parlgov.org/documentation/codebook#election,http://www.parlgov.org/static/data/development-cp1252/view_election.csv,,,,,,country_name,,,,10.7910/DVN/F0YGNC,20180509,
ParlGov: Parties,parties and politicians,http://www.parlgov.org/,parties,,0,1,1,0,1,1900,2017,online,no,1,http://www.parlgov.org/documentation/codebook#party,http://www.parlgov.org/static/data/development-cp1252/view_party.csv,,,,,,country_name,,,,10.7910/DVN/F0YGNC,20180509,
Parliaments and governments database,cabinets and parliaments,http://www.parlgov.org/,,,,,,,,,,,,,,,,,,,,,,,,,,
"Parties in Parliaments and Governments, 1950-1995",cabinets and parliaments,https://www.binghamton.edu/political-science/research.html/,,,,,,,,,,,,,,,,,,,,,,,,,,
"Parties, Governments and Legislatures Dataset",parties and politicians,http://www.edac.eu/policies_desc.cfm?v_id=112,,,,,,,,,,,,,,,,,,,,,,,,,,cross-sectional
Party Government Data Set,cabinets and parliaments,https://fsw.vu.nl/en/departments/political-science-and-public-administration/staff/woldendorp/party-government-data-set/index.aspx,,"Australia, Austria, Belgium, Bulgaria, Canada, Croatia, Cyprus, Czech Republic, Denmark, Estonia, Finland, France (IVth and Vth republics), Germany, Greece, Hungary, Iceland, India, Ireland, Israel, Italy, Japan, Latvia, Lithuania, Luxembourg, Macedonia, Malta, Netherlands, New Zealand, Norway, Poland, Portugal, Romania, Slovakia, Slovenia, Spain, Sweden, Switzerland , Turkey, United Kingdom",,,,,,1945,2008,,"free, online",,,,,,,,,,,,,,,
Party Policy in Modern Democracies,parties and politicians,http://www.tcd.ie/Political_Science/ppmd/,,,,,,,,,,,,,,,,,,,,,,,,,,
Peace Accords Matrix Implementation,international relations,https://peaceaccords.nd.edu/research,"Intrastate peace, peace agreements, implementation",world,,,,,,1989,2012,online,"free, no registration",,http://peaceaccords.nd.edu/sites/default/files/PAM_ID%20CODEBOOK%20V.1.5%2029July2015.pdf,,,,http://peaceaccords.nd.edu/sites/default/files/PAM_ID%20V.1.5%20Updated%2029JULY2015.xlsx,,,,,,,,,
Perceptions of Electoral Integrity,elections,https://dataverse.harvard.edu/dataverse/PEI,"elections, electoral integrity, electoral fraud, voting behavior, cross-national elections, global, comparative politics, free and fair",,1,1,1,1,1,2012,2017,online,no,1,,,,,,,,country,,ccodecow,,10.7910/DVN/Q6UBTH,20180331,
Pew Global Attitudes Survey,citizens,http://www.pewglobal.org/datasets/,Attitudes,world,,,,,,2001,,public archive,"free, online",,,,,,,,,,,,,,,
PIP: Left-Right Party Scores,parties and politicians,http://comparativepolitics.uni-greifswald.de/data.html,,,,,,,,,,,,,,,,,,,,,,,,,,
Police Reforms in Peace Agreements,international relations,http://journals.sagepub.com/doi/abs/10.1177/0022343316628932,"Police reform, capacity, training, human rights standards, accountability, force composition, international training, monitoring",world,,,,,,1975,2011,online,"free, no registration",,,,,,,,"http://file.prio.no/journals/JPR/2016/53/4/Nadine%20Ansorg,%20Felix%20Haass%20&%20Julia%20Strasheim.zip",,,,,,,
Political Regimes of the World,democracy,https://link.springer.com/article/10.1057/s41304-018-0149-8,"autocracy, democracy, political regimes",,1,1,1,1,1,1800,2016,online,no,1,https://static-content.springer.com/esm/art%3A10.1057%2Fs41304-018-0149-8/MediaObjects/41304_2018_149_MOESM1_ESM.docx,,,,https://static-content.springer.com/esm/art%3A10.1057%2Fs41304-018-0149-8/MediaObjects/41304_2018_149_MOESM2_ESM.xlsx,,,country,year,ccode,10.1057/s41304-018-0149-8,10.1057/s41304-018-0149-8,20180320,
Political Terror Scale,international relations,http://www.politicalterrorscale.org/Data/Download.html,,,,,,,,1976,2016,public archive,"free, online",,,,,,,,,,,,,,,
Political TV Ad Archive,media,http://politicaladarchive.org/data/,,USA,,,,,,2015,2016,online,"free, no registration",,,http://politicaladarchive.org/api/v1/ad_instances?output=csv,,,,,,,,,,,,
Polity IV Project: Political Regime Characteristics and Transitions,democracy,http://www.systemicpeace.org/polity/polity4.htm,,,,,,,,1800,2013,,,,,,,,,,,,,,,,,
Poll of Polls,citizens,https://pollofpolls.eu/,opinion polls,,0,0,1,0,1,2010,2018,online,no,1,,,,,,,,,,,,,20180530,
PollBase,citizens,https://www.markpack.org.uk/opinion-polls/,Opinion polls,Britain,,,,,,1943,,online,"free, no registration",,,,,,https://www.markpack.org.uk/files/2017/10/PollBase.xls,,,,,,,,,
Portfolio Allocation in Western Europe,cabinets and parliaments,http://www.erdda.se/index.php/projects/cpd/data-archive,,,,,,,,,,,"free, online",,,,,,,,,,,,,,,
Portuguese Candidates Survey,political elites,http://er.cies.iscte-iul.pt/en/node/42,"politicians, campaigns",Portugal,0,0,0,0,1,2009,2017,online,no,1,http://er.cies.iscte-iul.pt/sites/default/dfiles/CandidateSurvey_PT_2011_cb_0.pdf,,,http://er.cies.iscte-iul.pt/sites/default/dfiles/CandidateSurvey_PT_2011_db_0.sav,,,,,,,,,20180404,Links are to the 2011 survey
Portuguese MPs Survey,political elites,http://er.cies.iscte-iul.pt/en/node/42,political attitudes,Portugal,0,0,0,0,1,2007,2017,online,no,1,http://er.cies.iscte-iul.pt/sites/default/dfiles/MPsSurvey_PT_2012_cb_0.pdf,,,http://er.cies.iscte-iul.pt/sites/default/dfiles/MPsSurvey_PT_2012_2013_db_0.sav,,,,,,,,,20180404,Links are to the 2013 survey
Portuguese Voters Survey,citizens,http://er.cies.iscte-iul.pt/en/node/42,"political attitudes, voting behavior, political participation, socio-demographic characteristics",Portugal,0,0,0,0,1,2006,2018,online,no,1,http://er.cies.iscte-iul.pt/sites/default/dfiles/ElectorsSurvey_PT_2012_cb_0.pdf,,,http://er.cies.iscte-iul.pt/sites/default/dfiles/ElectorsSurvey_PT_2012_db_0.sav,,,,,,,,,20180404,Links are to the 2012 survey
Protest events,other,https://www.unige.ch/sciences-societe/incite/welcome-to-the-incite-website/data/new-s/,,"France, Germany, Switzerland, the Netherlands",,,,,,1975,1989,public archive,"free, online",,,,,,,,,,,,,,,
Protest events in the Federal Republic of Germany,other,https://www.wzb.eu/en/research/completed-research-programs/civil-society-and-political-mobilization/projects/prodat-dokumentation-un,,Germany,,,,,,1950,1996,public archive,"free, online",,,,,,,,,,,,,,,
Public support for political parties in Denmark,citizens,https://github.com/erikgahner/polls,,Denmark,,,,,,2010,,public archive,"free, online",,,,,,,,,,,,,,,
Quality of Government,governance,http://qog.pol.gu.se/data/datadownloads/qogstandarddata,,,,,,,,,,,,,,,,,,,,,,,,,,cross-sectional
Regional Authority Index,other,https://www.arjanschakel.nl/regauth_dat.html,,81 countries,,,,,,1950,2010,public archive,"free, online",,,,,,,,,,,,,,,
Relative Political Capacity Dataset,governance,http://hdl.handle.net/1902.1/16845,"Government performance, government efficiency, political capacity",world,,,,,,1960,2012,online,"free, no registration",,,,,,,,,,,,,,,
Religion Adherence Data,other,https://scholar.harvard.edu/barro/publications/religion-adherence-data,,,1,1,1,1,1,1900,2000,online,no,1,,,,,https://scholar.harvard.edu/files/barro/files/7_religion_adherence_data.xls,,,Country,,,,,20180331,
Religion and State Project Constitutions Dataset,constitutions,http://www.thearda.com/archive/files/Descriptions/RASCONS.asp,,,,,,,,1990,2008,,,,,,,,,,,,,,,,,
Reputation of Terror Groups,international relations,http://www.efetokdemir.com/data.html,"Terrorist groups, reputations",world,,,,,,1980,2011,online,"free, no registration",,http://www.efetokdemir.com/uploads/3/7/3/2/37326045/rtg_dataset_-_codebook.pdf,,http://www.efetokdemir.com/uploads/3/7/3/2/37326045/replicationdatajpr-oldstata.dta,,,,,,,,,,,
Rule of Law Index,political institutions,https://worldjusticeproject.org/our-work/wjp-rule-law-index/wjp-rule-law-index-2016/current-historical-data,,,,,,,,,,public archive,"free, online",,,,,,,,,,,,,,,
"Seats and Votes, 1950-1995",parties and politicians,https://www.binghamton.edu/political-science/research.html/,,,,,,,,,,,,,,,,,,,,,,,,,,panel
Seki-Williams Governments Dataset,cabinets and parliaments,http://faculty.missouri.edu/williamslaro/govtdata.html,,,,,,,,,,online,"free, no registration",,http://faculty.missouri.edu/williamslaro/SW%202016%20Codebook--Governments.pdf,http://faculty.missouri.edu/williamslaro/Seki-Williams%20Governments--Version%202.0.csv,http://faculty.missouri.edu/williamslaro/Seki-Williams%20Governments--Version%202.0.dta,,,,,,,,,,,
Seki-Williams Ministers Dataset,cabinets and parliaments,http://faculty.missouri.edu/williamslaro/govtdata.html,"Ministry, tenure",,,,,,,1990,2014,online,"free, no registration",,http://faculty.missouri.edu/williamslaro/SW%202016%20Codebook--Ministers.pdf,http://faculty.missouri.edu/williamslaro/Seki-Williams%20Ministers--Version%202.0.csv,http://faculty.missouri.edu/williamslaro/Seki-Williams%20Ministers--Version%202.0.dta,,,,,,,,,,,
Sexual Violence in Armed Conflict,international relations,http://www.sexualviolencedata.org/dataset/,"Conflict-related sexual violence, armed conflict actors, government military, state military, insurgent forces","Asia, Africa, Middle East, Americas, Europe",,,,,,1989,2009,online,"free, no registration",,http://www.sexualviolencedata.org/wp-content/uploads/2013/01/SVAC-coding-manual-10-25-13.pdf,,,,,,http://www.sexualviolencedata.org/wp-content/uploads/2013/01/SVAC_dataset-update-2016-June-21.xlsx.zip,,,,,,,
Social Citizenship Indicator Program,policy,http://www.spin.su.se/datasets/scip,,,,,,,,,,,,,,,,,,,,,,,,,,
Social Conflict Analysis Database,international relations,https://www.strausscenter.org/scad.html,,"Africa, Mexico, Central America, the Caribbean",,,,,,1990,2015,public archive,"free, online form",,,,,,,,,,,,,,,
Social Security Database,policy,https://www.hsph.harvard.edu/david-canning/data-sets/,"social security systems, universal coverage, replacement rate, retirement incentive",,1,1,1,1,1,1950,2002,online,no,1,https://cdn1.sph.harvard.edu/wp-content/uploads/sites/241/2012/10/Read_Me_-_Social_Security_Dataset.doc,,,,https://cdn1.sph.harvard.edu/wp-content/uploads/sites/241/2012/10/social_security_data_-_savings.xls,,,country,Year,,10.1016/j.jmoneco.2006.12.004,,20180529,
State Antiquity Index,other,http://www.brown.edu/Departments/Economics/Faculty/Louis_Putterman/antiquity%20index.htm,,149 countries,,,,,,,,public archive,"free, online",,,,,,,,,,,,,,,
State Failure Problem Set,international relations,http://www.systemicpeace.org/inscrdata.html,,,,,,,,1955,2016,public archive,"free, online",,,,,,,,,,,,,,,
State Fragility Index,international relations,http://www.systemicpeace.org/inscrdata.html,,,,,,,,1995,2016,public archive,"free, online",,,,,,,,,,,,,,,
State Policy Innovation and Diffusion,policy,https://dataverse.harvard.edu/dataverse/spid,"public policy, policy diffusion, innovativeness",USA,0,0,0,0,1,1691,2017,online,no,1,,,,,,,,,adopt_year,,,10.7910/DVN/CVYSR7,20180508,Data information is from the policy adoption data.
Suicide Attack Database,international relations,http://cpostdata.uchicago.edu/search_new.php,"Suicide attacks, victims, campaign, weapon, target type",world,,,,,,1974,2016,online,"free, no registration",,,,,,,,,,,,,,,
"Survey of Health, Ageing and Retirement in Europe",citizens,http://www.share-project.org/data-documentation/share-data-releases.html,,Europe,,,,,,,,online,"free, application form",,,,,,,,,,,,,,,
Swedish National Election Studies,citizens,http://valforskning.pol.gu.se/english,,Sweden,,,,,,1956,,,,,,,,,,,,,,,,,,
SwedishPolls,citizens,https://github.com/MansMeg/SwedishPolls,,Sweden,,,,,,1998,,public archive,"free, online",,,,,,,,,,,,,,,
Swiss Electoral Studies,citizens,http://forscenter.ch/en/our-surveys/selects/1993-2/,"political attitudes, voting behavior, political participation, socio-demographic characteristics",Switzerland,0,0,0,0,1,1971,2015,online,yes,1,,,,,,,,,,,,,20180402,
Swiss Household Panel,citizens,http://forscenter.ch/en/our-surveys/swiss-household-panel/,,Switzerland,,,,,,1999,,,,,,,,,,,,,,,,,,
Terrorism in Western Europe: Events Data,international relations,http://folk.uib.no/sspje/tweed.htm,,18 countries,,,,,,1950,2004,online,"free, no registration",,http://folk.uib.no/sspje/TWEED%20Code%20Book.pdf,,,,,,http://folk.uib.no/sspje/tweed.zip,,,,,,,
The 'Most Important Problem' Dataset,citizens,http://web.missouri.edu/~williamslaro/mipdata.html,,,,,,,,,,,,,,,,,,,,,,,,,,
The Affinity of Nations: Similarity of State Voting Positions in the UNGA,international relations,http://pages.ucsd.edu/~egartzke/datasets.htm,"United Nations General Assembly, state voting, affinity",world,,,,,,1946,2002,online,"free, no registration",,http://pages.ucsd.edu/~egartzke/data/affinity_codebook_03102006.pdf,,http://pages.ucsd.edu/~egartzke/data/affinity_03102006.dta,,,,http://pages.ucsd.edu/~egartzke/data/affinity_03102006.zip,,,,,,,
The American Ideology Project,citizens,http://americanideologyproject.com/,"Ideology, representation, policy preferences",USA,,,,,,2000,2011,online,"free, no registration",,http://americanideologyproject.com/estimates/estimates2015/codebook.pdf,,,,,,,,,,,,,
The CIRI Human Rights Dataset,international relations,http://www.humanrightsdata.com/p/data-documentation.html,,,,,,,,,,,,,,,,,,,,,,,,,,
The Continent of International Law,international relations,http://www.isr.umich.edu/cps/coil/files.html,"International institutions, international law, international agreements, incomplete contracts",world,,,,,,1925,1997,online,"free, no registration",,http://www.isr.umich.edu/cps/coil/COIL-instrument-100707.pdf,http://www.isr.umich.edu/cps/coil/COIL-data-130123.csv,,,,,,,,,,,,
The Dyadic Cyber Incident and Dispute Data,international relations,https://drryanmaness.wixsite.com/cyberconflcit/cyber-conflict-dataset,,world,,,,,,2000,2014,online,"free, no registration",,https://docs.wixstatic.com/ugd/4b99a4_4c7971ea7791464a8ac551fff85fb1f1.pdf,,,,https://docs.wixstatic.com/ugd/4b99a4_294fde43b8094872999ca63f62972765.xlsx?dn=DCID%20Version%201.1.xlsx,,,,,,,,,
The Logic of Political Survival,international relations,http://www.nyu.edu/gsas/dept/politics/data/bdm2s2/Logic.htm,"leaders, political survival",,1,1,1,1,1,1763,2010,online,no,1,,,,,,,http://www.nyu.edu/gsas/dept/politics/data/bdm2s2/bdm2s2_nation_year_data_may2002_webversion.zip,country,year,,,,20180526,
The Political Constraint Index,political institutions,https://mgmt.wharton.upenn.edu/faculty/heniszpolcon/polcondataset/,,,,,,,,,,public archive,"free, online",,,,,,,,,,,,,,,
The Regulation of Labor,policy,https://scholar.harvard.edu/shleifer/publications/regulation-labor,"labor markets, collective relations, social security laws",,1,1,1,1,1,2003,2003,online,no,1,https://scholar.harvard.edu/files/shleifer/files/reg_labor.pdf,,,,https://scholar.harvard.edu/files/shleifer/files/labor_dataset_qje_dataforweb_2005.xls,,,country,,,10.1162/0033553042476215,,20180519,
The SOM Institute Cumulative Dataset,citizens,https://snd.gu.se/en/catalogue/study/snd0905,"General health and well-being, media, information society, employment, unemployment, environment and conservation, political behaviour and attitudes, elections, international politics and organisations, social welfare policy, leisure, tourism and sport, social behaviour and attitudes, cultural activities and participation, Political Science, Media and Communications",Sweden,,,,,,1986,2015,delivered after acceptance of form,"free, order form",,https://snd.gu.se/catalogue/file/5665,,,,,,,,,,,,,
The Timeline of Elections,citizens,https://doi.org/10.7910/DVN/28856,,45 countries,,,,,,1942,,public archive,"free, online",,,,,,,,,,,,,,,
The Worldwide Governance Indicators,governance,https://data.worldbank.org/data-catalog/worldwide-governance-indicators,,,,,,,,1996,2016,public archive,"free, online",,,,,,,,,,,,,,,
Threat and Imposition of Sanctions,international relations,http://www.unc.edu/~bapat/TIES.htm,"economic coercion, economic sanctions, threats",,1,1,1,1,1,1945,2012,online,no,1,http://www.unc.edu/~bapat/tiesusersmanualv4.pdf,,,,http://www.unc.edu/~bapat/TIESv4.xls,,,,startyear,,10.1177/0738894213520379,,20180522,
Total Economy Database,economics,https://www.conference-board.org/data/economydatabase/index.cfm?id=27762,"labour, labour productivity, gdp, employment, growth",,1,1,1,1,1,1950,2018,online,no,1,,,,,,,,COUNTRY,YEAR,,,,20180526,
UCDP Peacemakers at Risk,international relations,https://www.prio.org/JPR/Datasets/,"Peacekeeping, violence, conflict, events",sub-Saharan Africa,,,,,,1989,2009,online,"free, no registration",,,,,,,,http://file.prio.no/Journals/JPR/2018/55/1/Sara%20Lindberg%20Bromley.zip,,,,,,,
UN Targeted Sanctions,international relations,https://www.prio.org/JPR/Datasets/,"sanctions, sanctions effectiveness, targeted sanctions, United Nations",,1,1,1,1,1,1991,2013,online,no,1,,,,,,,https://www.prio.org/utility/DownloadFile.ashx?id=25&type=replicationfile,,,,10.1177/0022343317752539,,20180504,
Understanding Society,citizens,https://www.understandingsociety.ac.uk/documentation/mainstage,,,,,,,,,,,,,,,,,,,,,,,,,,
Union Centralization among Advanced Industrial Societies,economics,http://hdl.handle.net/1902.1/10193,"Employers, industrial nations, International Labor Organization, labor contracts, labor cost, labor markets, labor relations, labor unions, union membership, unionization","Austria, Australia, Belgium, Canada, Denmark, Finland, France, Germany, Ireland, Italy, Japan, Netherlands, Norway, Portugal, Spain, Sweden, Switzerland, US, UK, New Zealand",,,,,,1950,2000,online,"free, no registration",,,,,,,,,,,,,,,
United Nations General Assembly Voting Data,international relations,http://hdl.handle.net/1902.1/12379,"United Nations, roll-calls",world,,,,,,1946,2015,online,"free, no registration",,,,,,,,,,,,,,,
United Nations Security Council membership,international relations,http://www.uni-heidelberg.de/fakultaeten/wiso/awi/professuren/intwipol/datasets_en.html,,193 countries,,,,,,1951,,online,"free, no registration",,,,,,http://www.axel-dreher.de/UNSCdata.xls,,,,,,,,,
Uppsala Conflict Data Program,international relations,http://ucdp.uu.se/downloads/,,,,,,,,,,,,,,,,,,,,,,,,,,
US Presidential Elections,elections,https://github.com/zonination/election-history,,USA,,,,,,1789,,public archive,"free, online",,,,,,,,,,,,,,,
Vanhanen's index of democracy,democracy,https://www.prio.org/Data/Governance/Vanhanens-index-of-democracy/,,,,,,,,,,,,,,,,,,,,,,,,,,
Varieties of Democracy,democracy,https://www.v-dem.net/en/data/,"democracy, institutions, rights, elections, parties",world,1,1,1,1,1,1789,2017,online,online form,1,,,,,,,,country_name,year,COWcode,,,20180501,
Veto Players Data,cabinets and parliaments,https://sites.lsa.umich.edu/tsebelis/data/veto-players-data/,,,,,,,,,,,,,,,,,,,,,,,,,,cross-sectional
Voter Turnout Database,elections,https://www.idea.int/data-tools/data/voter-turnout,,,,,,,,,,,,,,,,,,,,,,,,,,
Water-Related Intrastate Conflict and Cooperation,international relations,http://hdl.handle.net/1902.1/20496,"water conflict, water cooperation",,1,1,0,0,0,1997,2009,online,no,1,,,,,,,,,year,,,1902.1/20496,20180331,
Wesleyan Media Project: Media Advertising,media,http://mediaproject.wesleyan.edu/dataaccess/,,USA,,,,,,1996,2016,online,not free,,,,,,,,,,,,,,,
Women in National Parliaments,parties and politicians,http://www.ipu.org/wmn-e/world-arc.htm,,,,,,,,,,,,,,,,,,,,,,,,,,
Women's Participation in NATO Forces and Operations,international relations,http://hdl.handle.net/1902.1/22328,"NATO, women participation, forces, operations",NATO countries,,,,,,2001,2011,online,"free, no registration",,,,,,,,,,,,,,,
World Economic Outlook,economics,http://www.imf.org/external/pubs/ft/weo/2018/01/weodata/download.aspx,"gdp, unemployment rate, government expenditure",,1,1,1,1,1,1980,2017,online,no,1,,,,,http://www.imf.org/external/pubs/ft/weo/2018/01/weodata/WEOApr2018all.xls,,,Country,,,,,20180418,
World Migration Matrix,other,http://www.brown.edu/Departments/Economics/Faculty/Louis_Putterman/world%20migration%20matrix.htm,,165 countries,,,,,,1500,2000,public archive,"free, online",,,,,,,,,,,,,,,
World Press Freedom Index,media,https://rsf.org/en/ranking_table,,,,,,,,2013,,public archive,"free, online",,,,,,,,,,,,,,,
World Values Survey,citizens,http://www.worldvaluessurvey.org/wvs.jsp,Political attitudes,world,,,,,,1981,,public archive,"free, online",,,,,,,,,,,,,,,
World Wealth and Income Database,economics,http://wid.world/data/,,,,,,,,,,public archive,"free, online",,,,,,,,,,,,,,,
